comm,strategy,contract,lot
au,tst1_shau_night,au1912,1
au,tst5_shau_night,au1912,1
bu,tst1_shbu_night,bu1912,1
cu,tst2_shcu_night,cu1907,1
cu,tst1_shcu_night,cu1907,1
cu,tst0_shcu_night,cu1907,1
fu,tst3_shfu_night,fu1909,1
hc,tst0_shhc_night,hc1910,1
hc,tst6_shhc_night,hc1910,1
hc,tst1_shhc_night,hc1910,1
hc,tst7_shhc_night,hc1910,1
ru,tst2_shru_night,ru1909,1
ru,tst0_shru_night,ru1909,1
ru,tst1_shru_night,ru1909,1
ru,tst5_shru_night,ru1909,1
sp,tst1_shsp_night,sp1909,1
zn,tst2_shzn_night,zn1907,1
zn,tst9_shzn_night,zn1907,1
zn,tst1_shzn_night,zn1907,1
